,0
0,United States of America
1,China
2,India
3,Germany
4,United Kingdom
5,Switzerland
6,China
7,Russia
8,Brazil
9,Italy
10,Canada
11,South Korea
12,Taiwan
13,Australia
14,Japan
15,France
16,Malaysia
17,Sweden
18,Thailand
19,Indonesia
20,Spain
21,Israel
22,Turkey
23,Philippines
24,Malaysia
25,Mexico
26,France
27,Austria
28,United Arab Emirates
29,Netherlands
30,Denmark
31,Norway
32,Czech Republic
33,Kazakhstan
34,Finland
35,Vietnam
36,Argentina
37,Ukraine
38,Chile
39,South Africa
40,Poland
41,Egypt
42,Bahamas
43,Ireland
44,Cyprus
45,Cayman Islands
46,Romania
47,Belgium
48,Uruguay
49,Nigeria
50,New Zealand
51,Peru
52,Slovakia
53,Lebanon
54,Bermuda
55,Morocco
56,Qatar
57,Hungary
58,Nepal
59,Bahrain
60,Greece
61,Tanzania
62,Portugal
63,Turks and Caicos Islands
64,Liechtenstein
65,Guernsey
66,Oman
67,Cambodia
68,British Virgin Islands
69,Georgia
70,Algeria
71,Eswatini (Swaziland)
72,Colombia
73,Andorra
74,United States of America
75,China
76,India
77,Germany
78,Russia
79,United Kingdom
80,China
81,Switzerland
82,Brazil
83,Japan
84,Italy
85,Canada
86,South Korea
87,Taiwan
88,Australia
89,France
90,Malaysia
91,Spain
92,Thailand
93,Sweden
94,Turkey
95,Israel
96,Indonesia
97,Philippines
98,Malaysia
99,France
100,Mexico
101,Austria
102,United Arab Emirates
103,Denmark
104,Netherlands
105,Czech Republic
106,Norway
107,Chile
108,Kazakhstan
109,Ukraine
110,Finland
111,Poland
112,Peru
113,Vietnam
114,Egypt
115,Argentina
116,South Africa
117,Ireland
118,Belgium
119,Nigeria
120,Hungary
121,Slovakia
122,Bermuda
123,Lebanon
124,Qatar
125,New Zealand
126,Bahamas
127,Cayman Islands
128,Colombia
129,Morocco
130,Tanzania
131,Nepal
132,Bahrain
133,Greece
134,Romania
135,Turks and Caicos Islands
136,British Virgin Islands
137,Oman
138,Guernsey
139,Uruguay
140,Cambodia
141,Eswatini (Swaziland)
142,Portugal
143,Algeria
144,Georgia
145,Liechtenstein
146,Armenia
147,United States of America
148,China
149,India
150,Russia
151,Germany
152,United Kingdom
153,China
154,Switzerland
155,Brazil
156,Canada
157,France
158,Taiwan
159,Malaysia
160,Italy
161,South Korea
162,Australia
163,Japan
164,Spain
165,Turkey
166,Sweden
167,Thailand
168,Philippines
169,Israel
170,United Arab Emirates
171,Indonesia
172,Austria
173,Mexico
174,Malaysia
175,Netherlands
176,France
177,Norway
178,Denmark
179,Poland
180,Chile
181,Czech Republic
182,Ukraine
183,Finland
184,Egypt
185,Argentina
186,Vietnam
187,South Africa
188,Kazakhstan
189,Ireland
190,Nigeria
191,New Zealand
192,Cayman Islands
193,Slovakia
194,Peru
195,Lebanon
196,Colombia
197,Belgium
198,Bahamas
199,Bahrain
200,Nepal
201,Georgia
202,Angola
203,Kuwait
204,Qatar
205,Turks and Caicos Islands
206,Hungary
207,Romania
208,Morocco
209,Tanzania
210,Uruguay
211,Cyprus
212,Guernsey
213,Oman
214,Eswatini (Swaziland)
215,Liechtenstein
216,Venezuela
217,British Virgin Islands
218,Portugal
219,Cambodia
220,Algeria
221,Greece
222,United States of America
223,China
224,Germany
225,India
226,Russia
227,China
228,United Kingdom
229,Switzerland
230,Brazil
231,South Korea
232,Canada
233,Taiwan
234,France
235,Australia
236,Japan
237,Thailand
238,Italy
239,Spain
240,Malaysia
241,Turkey
242,Sweden
243,United Arab Emirates
244,Philippines
245,France
246,Indonesia
247,Israel
248,Mexico
249,Malaysia
250,Norway
251,Austria
252,Chile
253,Netherlands
254,Denmark
255,Kazakhstan
256,Ukraine
257,Poland
258,Czech Republic
259,Finland
260,Peru
261,Argentina
262,Egypt
263,Vietnam
264,South Africa
265,Ireland
266,Nigeria
267,Belgium
268,Morocco
269,Lebanon
270,Bahamas
271,Colombia
272,Slovakia
273,Hungary
274,New Zealand
275,Cayman Islands
276,Cyprus
277,United Kingdom
278,Bahrain
279,Kuwait
280,Saudi Arabia
281,Turks and Caicos Islands
282,Romania
283,Dominican Republic
284,Qatar
285,Greece
286,Nepal
287,Cambodia
288,Tanzania
289,Guernsey
290,Angola
291,Uruguay
292,Oman
293,Algeria
294,Venezuela
295,British Virgin Islands
296,Portugal
297,Swaziland
298,Georgia
299,Liechtenstein
300,United States of America
301,China
302,India
303,Germany
304,Russia
305,United Kingdom
306,China
307,Switzerland
308,South Korea
309,Canada
310,Brazil
311,Australia
312,Italy
313,Turkey
314,Japan
315,Taiwan
316,France
317,Thailand
318,Spain
319,Malaysia
320,Sweden
321,United Arab Emirates
322,Indonesia
323,Israel
324,Mexico
325,Malaysia
326,France
327,Philippines
328,Argentina
329,Chile
330,Austria
331,Norway
332,Denmark
333,Netherlands
334,Kazakhstan
335,Ukraine
336,Czech Republic
337,Peru
338,Poland
339,Finland
340,Egypt
341,South Africa
342,Ireland
343,Vietnam
344,Nigeria
345,Lebanon
346,Kuwait
347,Colombia
348,Morocco
349,Qatar
350,Belgium
351,Cayman Islands
352,New Zealand
353,Nepal
354,Tanzania
355,United Kingdom
356,Greece
357,Slovakia
358,Hungary
359,Saudi Arabia
360,Dominican Republic
361,Romania
362,Bahrain
363,Cambodia
364,Turks and Caicos Islands
365,Cyprus
366,Guernsey
367,Angola
368,Liechtenstein
369,Oman
370,Algeria
371,Venezuela
372,Georgia
373,Bahamas
374,British Virgin Islands
375,Portugal
376,Seychelles
377,United States of America
378,China
379,Germany
380,India
381,Russia
382,United Kingdom
383,China
384,Switzerland
385,Brazil
386,Italy
387,South Korea
388,Canada
389,Japan
390,Australia
391,France
392,Taiwan
393,Turkey
394,Malaysia
395,Spain
396,Sweden
397,Thailand
398,United Arab Emirates
399,Indonesia
400,Mexico
401,Israel
402,Philippines
403,France
404,Chile
405,Malaysia
406,Saudi Arabia
407,Norway
408,Netherlands
409,Austria
410,South Africa
411,Argentina
412,Kazakhstan
413,Egypt
414,Finland
415,Ukraine
416,Czech Republic
417,Denmark
418,Peru
419,Ireland
420,Poland
421,Morocco
422,Kuwait
423,Nigeria
424,Oman
425,Belgium
426,Colombia
427,Lebanon
428,Qatar
429,Vietnam
430,New Zealand
431,Bermuda
432,Slovakia
433,Nepal
434,Tanzania
435,Dominican Republic
436,United Kingdom
437,Bahrain
438,Turks and Caicos Islands
439,Cyprus
440,Bahamas
441,Guernsey
442,Venezuela
443,Liechtenstein
444,Portugal
445,British Virgin Islands
446,Algeria
447,Angola
448,Cayman Islands
449,Georgia
450,Romania
451,United States of America
452,China
453,Germany
454,India
455,Russia
456,United Kingdom
457,China
458,Switzerland
459,Italy
460,France
461,South Korea
462,Turkey
463,Canada
464,Brazil
465,Japan
466,Taiwan
467,Australia
468,Spain
469,Malaysia
470,United Arab Emirates
471,Indonesia
472,Sweden
473,Thailand
474,Mexico
475,Israel
476,France
477,Philippines
478,Chile
479,Malaysia
480,Norway
481,Netherlands
482,Kazakhstan
483,Saudi Arabia
484,South Africa
485,Austria
486,Egypt
487,Ukraine
488,Denmark
489,Finland
490,Argentina
491,Czech Republic
492,Nigeria
493,Ireland
494,Lebanon
495,Peru
496,Poland
497,Belgium
498,Venezuela
499,Morocco
500,Colombia
501,New Zealand
502,Cyprus
503,Tanzania
504,Nepal
505,Bahrain
506,United Kingdom
507,Bermuda
508,Vietnam
509,Guernsey
510,Dominican Republic
511,Cayman Islands
512,Qatar
513,Portugal
514,Bahamas
515,Liechtenstein
516,British Virgin Islands
517,Angola
518,Algeria
519,Georgia
520,Romania
521,United States of America
522,China
523,India
524,Russia
525,Germany
526,United Kingdom
527,China
528,Switzerland
529,Brazil
530,France
531,Italy
532,Canada
533,Turkey
534,South Korea
535,Taiwan
536,Australia
537,Japan
538,Malaysia
539,Spain
540,Indonesia
541,United Arab Emirates
542,Sweden
543,Mexico
544,Thailand
545,Israel
546,Malaysia
547,Philippines
548,Chile
549,France
550,Saudi Arabia
551,Norway
552,South Africa
553,Egypt
554,Kazakhstan
555,Netherlands
556,Peru
557,Czech Republic
558,Finland
559,Ukraine
560,Nigeria
561,Argentina
562,Denmark
563,Ireland
564,Poland
565,Austria
566,Kuwait
567,Portugal
568,Lebanon
569,Tanzania
570,Venezuela
571,Morocco
572,Belgium
573,Romania
574,New Zealand
575,Colombia
576,Cyprus
577,Oman
578,Uganda
579,Guatemala
580,Bermuda
581,Nepal
582,Bahrain
583,British Virgin Islands
584,United Kingdom
585,Vietnam
586,Guernsey
587,Cayman Islands
588,Liechtenstein
589,Algeria
590,Angola
591,Dominican Republic
592,Georgia
593,Bahamas
594,Lithuania
595,United States of America
596,China
597,Russia
598,United Kingdom
599,Germany
600,Brazil
601,Switzerland
602,China
603,India
604,France
605,Italy
606,Canada
607,South Korea
608,Japan
609,Taiwan
610,Spain
611,Australia
612,Turkey
613,Malaysia
614,Indonesia
615,Israel
616,Mexico
617,Malaysia
618,United Arab Emirates
619,Chile
620,Sweden
621,Thailand
622,Philippines
623,France
624,Ukraine
625,Peru
626,Saudi Arabia
627,South Africa
628,Egypt
629,Kazakhstan
630,Denmark
631,Norway
632,Austria
633,Argentina
634,Czech Republic
635,Finland
636,Poland
637,Netherlands
638,Ireland
639,Nigeria
640,Kuwait
641,Portugal
642,Lebanon
643,Morocco
644,Colombia
645,Venezuela
646,New Zealand
647,China
648,Bahamas
649,Bermuda
650,Oman
651,Cyprus
652,Romania
653,Nepal
654,Uganda
655,Tanzania
656,Vietnam
657,U.S. Virgin Islands
658,United Kingdom
659,Guernsey
660,Belgium
661,Cayman Islands
662,Algeria
663,Georgia
664,Angola
665,Dominican Republic
666,British Virgin Islands
667,Lithuania
668,United States of America
669,China
670,Russia
671,United Kingdom
672,India
673,Germany
674,China
675,Turkey
676,Switzerland
677,Brazil
678,Canada
679,France
680,Indonesia
681,South Korea
682,Japan
683,Italy
684,Taiwan
685,Spain
686,Australia
687,Malaysia
688,Mexico
689,Chile
690,Israel
691,Philippines
692,Thailand
693,Malaysia
694,Saudi Arabia
695,Ukraine
696,Peru
697,United Arab Emirates
698,Kazakhstan
699,Sweden
700,Argentina
701,Egypt
702,South Africa
703,France
704,Denmark
705,Austria
706,Norway
707,Kuwait
708,Netherlands
709,Poland
710,Ireland
711,Portugal
712,Czech Republic
713,Lebanon
714,Morocco
715,Nigeria
716,Venezuela
717,Colombia
718,New Zealand
719,Romania
720,Cyprus
721,Vietnam
722,Guernsey
723,Angola
724,Dominican Republic
725,Cayman Islands
726,Finland
727,British Virgin Islands
728,Georgia
729,Belgium
730,Bahamas
731,Nepal
732,United States of America
733,China
734,Russia
735,United Kingdom
736,Germany
737,India
738,China
739,Turkey
740,Brazil
741,Switzerland
742,Canada
743,Japan
744,South Korea
745,Taiwan
746,France
747,Australia
748,Italy
749,Spain
750,Indonesia
751,Ukraine
752,Mexico
753,Israel
754,Saudi Arabia
755,Malaysia
756,Malaysia
757,Argentina
758,Egypt
759,Philippines
760,Sweden
761,Norway
762,Kazakhstan
763,United Arab Emirates
764,Chile
765,Netherlands
766,Poland
767,Kuwait
768,Austria
769,France
770,Ireland
771,Portugal
772,Lebanon
773,Thailand
774,Denmark
775,Peru
776,Morocco
777,Nigeria
778,Czech Republic
779,South Africa
780,Finland
781,Cayman Islands
782,Georgia
783,Venezuela
784,Belgium
785,Bahamas
786,Dominican Republic
787,British Virgin Islands
788,New Zealand
789,Colombia
790,Cyprus
791,United States of America
792,China
793,Russia
794,India
795,United Kingdom
796,Germany
797,Turkey
798,China
799,Brazil
800,Japan
801,Canada
802,Switzerland
803,Australia
804,South Korea
805,Taiwan
806,France
807,Spain
808,Italy
809,Mexico
810,Ukraine
811,Saudi Arabia
812,Israel
813,Malaysia
814,Malaysia
815,Kazakhstan
816,Egypt
817,Sweden
818,Indonesia
819,Poland
820,Netherlands
821,Norway
822,Austria
823,United Arab Emirates
824,Philippines
825,Lebanon
826,Portugal
827,Thailand
828,Ireland
829,South Africa
830,Chile
831,Argentina
832,New Zealand
833,Denmark
834,Venezuela
835,France
836,Nigeria
837,Kuwait
838,Cayman Islands
839,Colombia
840,Belgium
841,Georgia
842,Czech Republic
843,Cyprus
844,United States of America
845,China
846,Russia
847,India
848,Germany
849,United Kingdom
850,Turkey
851,China
852,Switzerland
853,Japan
854,Canada
855,Brazil
856,Taiwan
857,Australia
858,France
859,Italy
860,South Korea
861,Mexico
862,Spain
863,Saudi Arabia
864,Malaysia
865,Kazakhstan
866,Israel
867,Sweden
868,Poland
869,Malaysia
870,Ireland
871,Ukraine
872,United Arab Emirates
873,Indonesia
874,Norway
875,Egypt
876,Chile
877,Netherlands
878,Thailand
879,Lebanon
880,Austria
881,South Africa
882,France
883,Philippines
884,Venezuela
885,New Zealand
886,Denmark
887,Czech Republic
888,Portugal
889,Colombia
890,Bahamas
891,Georgia
892,Belgium
893,Cayman Islands
894,Nigeria
895,Argentina
896,Hong Kong SAR
897,Finland
898,Pakistan
899,Romania
900,United States of America
901,Germany
902,United Kingdom
903,Russia
904,China
905,India
906,China
907,Canada
908,Japan
909,Switzerland
910,Turkey
911,Brazil
912,Spain
913,Australia
914,Italy
915,Saudi Arabia
916,France
917,Mexico
918,Israel
919,Malaysia
920,Sweden
921,Taiwan
922,Ukraine
923,South Korea
924,United Arab Emirates
925,Norway
926,Egypt
927,Malaysia
928,Indonesia
929,Chile
930,Ireland
931,Kazakhstan
932,Thailand
933,Austria
934,South Africa
935,Denmark
936,Kuwait
937,France
938,Venezuela
939,Poland
940,New Zealand
941,Nigeria
942,Lebanon
943,Netherlands
944,Philippines
945,Argentina
946,Czech Republic
947,Colombia
948,Belgium
949,Cayman Islands
950,Bahamas
951,Georgia
952,Portugal
953,
954,United Kingdom
955,United States of America
956,Russia
957,China
958,United Kingdom
959,India
960,Germany
961,China
962,Turkey
963,Switzerland
964,Japan
965,Canada
966,Brazil
967,Australia
968,Spain
969,France
970,Italy
971,Saudi Arabia
972,Mexico
973,South Korea
974,Malaysia
975,Kazakhstan
976,Taiwan
977,Israel
978,Sweden
979,Ukraine
980,United Arab Emirates
981,Malaysia
982,Egypt
983,Norway
984,Poland
985,Ireland
986,Indonesia
987,Thailand
988,Netherlands
989,South Africa
990,Austria
991,Chile
992,Kuwait
993,Philippines
994,France
995,Lebanon
996,Venezuela
997,Portugal
998,New Zealand
999,Bahamas
1000,Georgia
1001,Denmark
1002,Belgium
1003,Czech Republic
1004,Nigeria
1005,Cayman Islands
1006,Argentina
1007,Colombia
1008,Cyprus
1009,Romania
1010,Hungary
1011,United Kingdom
1012,United States of America
1013,Russia
1014,Germany
1015,United Kingdom
1016,India
1017,China
1018,Turkey
1019,Japan
1020,Canada
1021,Switzerland
1022,China
1023,Brazil
1024,Spain
1025,France
1026,Italy
1027,Saudi Arabia
1028,Australia
1029,Mexico
1030,Malaysia
1031,Israel
1032,Kazakhstan
1033,South Korea
1034,Taiwan
1035,France
1036,Sweden
1037,Ukraine
1038,United Arab Emirates
1039,Egypt
1040,Norway
1041,Malaysia
1042,Netherlands
1043,Austria
1044,Philippines
1045,Poland
1046,Chile
1047,Lebanon
1048,Thailand
1049,Kuwait
1050,New Zealand
1051,Ireland
1052,Venezuela
1053,South Africa
1054,Romania
1055,Indonesia
1056,Argentina
1057,Bermuda
1058,Cyprus
1059,Georgia
1060,Portugal
1061,Bahamas
1062,Cayman Islands
1063,Belgium
1064,Denmark
1065,Colombia
1066,Czech Republic
1067,
1068,United Kingdom
1069,United States of America
1070,Germany
1071,Russia
1072,United Kingdom
1073,China
1074,India
1075,Japan
1076,Switzerland
1077,Turkey
1078,Canada
1079,France
1080,Brazil
1081,Italy
1082,Saudi Arabia
1083,Spain
1084,Mexico
1085,Israel
1086,Malaysia
1087,China
1088,Sweden
1089,Australia
1090,France
1091,Kazakhstan
1092,Taiwan
1093,Norway
1094,United Arab Emirates
1095,South Korea
1096,Austria
1097,Poland
1098,Netherlands
1099,Philippines
1100,Egypt
1101,Kuwait
1102,Thailand
1103,Ukraine
1104,Venezuela
1105,Ireland
1106,South Africa
1107,Colombia
1108,Argentina
1109,Bahamas
1110,New Zealand
1111,Cayman Islands
1112,Indonesia
1113,Portugal
1114,Malaysia
1115,Denmark
1116,Czech Republic
1117,Belgium
1118,Chile
1119,United Kingdom
1120,United States of America
1121,Germany
1122,Russia
1123,United Kingdom
1124,Switzerland
1125,China
1126,Japan
1127,Canada
1128,France
1129,India
1130,Spain
1131,Brazil
1132,Turkey
1133,Italy
1134,Mexico
1135,Saudi Arabia
1136,Israel
1137,Sweden
1138,Taiwan
1139,Malaysia
1140,Australia
1141,France
1142,Norway
1143,Austria
1144,Kazakhstan
1145,Malaysia
1146,Netherlands
1147,Philippines
1148,South Korea
1149,Venezuela
1150,Thailand
1151,South Africa
1152,Ukraine
1153,Belgium
1154,Poland
1155,China
1156,Bahamas
1157,Argentina
1158,Portugal
1159,United Arab Emirates
1160,Indonesia
1161,Cayman Islands
1162,Denmark
1163,Ireland
1164,Colombia
1165,Chile
1166,Egypt
1167,United Kingdom
1168,United States of America
1169,Germany
1170,Russia
1171,Switzerland
1172,United Kingdom
1173,Japan
1174,China
1175,Canada
1176,India
1177,France
1178,Italy
1179,Spain
1180,Mexico
1181,Sweden
1182,Norway
1183,France
1184,Israel
1185,Turkey
1186,Taiwan
1187,Saudi Arabia
1188,Brazil
1189,Austria
1190,Malaysia
1191,Australia
1192,
1193,Malaysia
1194,Belgium
1195,Philippines
1196,South Africa
1197,Netherlands
1198,Venezuela
1199,Colombia
1200,Portugal
1201,Argentina
1202,Bahamas
1203,China
1204,South Korea
1205,Thailand
1206,Ireland
1207,Denmark
1208,Chile
1209,United Arab Emirates
1210,Bermuda
1211,United Kingdom
1212,United States of America
1213,Germany
1214,Switzerland
1215,United Kingdom
1216,Russia
1217,Canada
1218,Japan
1219,France
1220,China
1221,Mexico
1222,Italy
1223,India
1224,Spain
1225,Saudi Arabia
1226,Turkey
1227,Malaysia
1228,Malaysia
1229,
1230,Belgium
1231,South Africa
1232,Sweden
1233,Brazil
1234,Israel
1235,Venezuela
1236,France
1237,Netherlands
1238,Philippines
1239,Thailand
1240,Chile
1241,Austria
1242,Bahamas
1243,Argentina
1244,Norway
1245,South Korea
1246,Taiwan
1247,Australia
1248,United Arab Emirates
1249,Denmark
1250,Ireland
1251,Bermuda
1252,Colombia
1253,United States of America
1254,Germany
1255,Switzerland
1256,United Kingdom
1257,Japan
1258,China
1259,France
1260,Canada
1261,Mexico
1262,Italy
1263,Russia
1264,
1265,Brazil
1266,Turkey
1267,Saudi Arabia
1268,Philippines
1269,Spain
1270,Sweden
1271,France
1272,Malaysia
1273,India
1274,Thailand
1275,Belgium
1276,South Africa
1277,Israel
1278,Venezuela
1279,Ireland
1280,Denmark
1281,Australia
1282,United Arab Emirates
1283,South Korea
1284,Taiwan
1285,Chile
1286,Bermuda
1287,Norway
1288,Malaysia
1289,Bahamas
1290,Colombia
1291,China
1292,Argentina
1293,United States of America
1294,Germany
1295,Japan
1296,China
1297,United Kingdom
1298,France
1299,Italy
1300,Mexico
1301,Canada
1302,Switzerland
1303,Sweden
1304,Spain
1305,Russia
1306,Brazil
1307,Malaysia
1308,
1309,Israel
1310,Turkey
1311,Saudi Arabia
1312,India
1313,Taiwan
1314,Philippines
1315,Norway
1316,South Korea
1317,South Africa
1318,Venezuela
1319,Australia
1320,Ireland
1321,United Arab Emirates
1322,Denmark
1323,Greece
1324,Argentina
1325,China
1326,Colombia
1327,Bermuda
1328,Chile
1329,Thailand
1330,Portugal
1331,Belgium
1332,Egypt
1333,Malaysia
1334,Japan
1335,Brazil
1336,Switzerland
1337,United Kingdom
1338,France
1339,United Kingdom
1340,Colombia
1341,Switzerland
1342,Brazil
1343,Germany
1344,China
1345,Lebanon
1346,Thailand
